report_date,weighted_average
2023-12-29,1588.83
2023-12-28,1651.55
2023-12-27,1642.82
2023-12-26,1653.68
2023-12-22,1670.98
2023-12-21,1601.18
2023-12-20,1712.89
2023-12-19,1689.77
2023-12-18,1689.81
2023-12-15,1781.20
2023-12-14,1774.92
2023-12-13,1765.99
2023-12-12,1779.70
2023-12-11,1779.48
2023-12-08,1784.07
2023-12-07,1785.22
2023-12-06,1786.72
2023-12-05,1805.54
2023-12-04,1796.59
2023-12-01,1749.65
2023-11-30,1751.39
2023-11-29,1757.87
2023-11-28,1733.60
2023-11-27,1716.51
2023-11-24,1713.48
2023-11-22,1716.08
2023-11-21,1701.43
2023-11-20,1717.79
2023-11-17,1725.70
2023-11-16,1718.00
2023-11-15,1699.45
2023-11-14,1695.75
2023-11-13,1677.72
2023-11-10,1679.67
2023-11-09,1709.00
2023-11-08,1645.13
2023-11-07,1688.30
2023-11-06,1741.75
2023-11-03,1694.92
2023-11-02,1653.09
2023-11-01,1739.48
2023-10-31,1715.33
2023-10-30,1702.79
2023-10-27,1645.48
2023-10-26,1638.07
2023-10-25,1663.31
2023-10-24,1675.53
2023-10-23,1786.21
2023-10-20,1590.54
2023-10-19,1579.44
2023-10-18,1647.44
2023-10-17,1586.48
2023-10-16,1569.51
2023-10-13,1542.45
2023-10-12,1561.32
2023-10-11,1551.05
2023-10-10,1622.46
2023-10-09,1619.23
2023-10-06,1510.46
2023-10-05,1477.46
2023-10-04,1546.54
2023-10-03,1534.79
2023-10-02,1476.46
2023-09-29,1457.78
2023-09-28,1430.89
2023-09-27,1432.15
2023-09-26,1400.05
2023-09-25,1382.78
2023-09-22,1429.66
2023-09-21,1400.94
2023-09-20,1459.02
2023-09-19,1403.17
2023-09-18,1408.54
2023-09-15,1396.72
2023-09-14,1433.68
2023-09-13,1390.94
2023-09-12,1411.19
2023-09-11,1449.42
2023-09-08,1470.28
2023-09-07,1444.61
2023-09-06,1453.71
2023-09-05,1501.15
2023-09-01,1489.36
2023-08-31,1505.00
2023-08-30,1488.59
2023-08-29,1529.34
2023-08-28,1451.87
2023-08-25,1436.09
2023-08-24,1469.83
2023-08-23,1464.96
2023-08-22,1511.85
2023-08-21,1453.00
2023-08-18,1439.05
2023-08-17,1420.36
2023-08-16,1443.13
2023-08-15,1397.44
2023-08-14,1403.61
2023-08-11,1397.57
2023-08-10,1391.09
2023-08-09,1387.66
2023-08-08,1370.47
2023-08-07,1364.01
2023-08-04,1361.34
2023-08-03,1365.59
2023-08-02,1365.40
2023-08-01,1370.22
2023-07-31,1337.56
2023-07-28,1341.40
2023-07-27,1352.25
2023-07-26,1378.46
2023-07-25,1360.56
2023-07-24,1407.56
2023-07-21,1384.22
2023-07-20,1343.30
2023-07-19,1403.19
2023-07-18,1380.50
2023-07-17,1380.26
2023-07-14,1418.66
2023-07-13,1361.28
2023-07-12,1388.33
2023-07-11,1407.81
2023-07-10,1396.46
2023-07-07,1412.98
2023-07-06,1448.98
2023-07-05,1508.36
2023-07-03,1391.21
2023-06-30,1427.18
2023-06-29,1435.78
2023-06-28,1466.60
2023-06-27,1394.94
2023-06-26,1405.14
2023-06-23,1395.05
2023-06-22,1436.09
2023-06-21,1533.58
2023-06-20,1587.22
2023-06-19,1522.82
2023-06-16,1568.69
2023-06-15,1574.39
2023-06-14,1598.39
2023-06-13,1578.93
2023-06-12,1554.08
2023-06-09,1549.19
2023-06-08,1554.87
2023-06-07,1544.57
2023-06-06,1531.83
2023-06-05,1494.33
2023-06-02,1493.62
2023-06-01,1481.77
2023-05-31,1476.40
2023-05-30,1478.24
2023-05-26,1456.28
2023-05-25,1456.87
2023-05-24,1447.45
2023-05-23,1447.81
2023-05-22,1452.69
2023-05-19,1444.97
2023-05-18,1440.41
2023-05-17,1455.12
2023-05-16,1531.09
2023-05-15,1416.88
2023-05-12,1436.24
2023-05-11,1573.05
2023-05-10,1571.03
2023-05-09,1565.26
2023-05-08,1629.12
2023-05-05,1603.55
2023-05-04,1614.53
2023-05-03,1659.39
2023-05-02,1571.63
2023-05-01,1615.94
2023-04-28,1647.65
2023-04-27,1644.52
2023-04-26,1666.20
2023-04-25,1662.38
2023-04-24,1699.24
2023-04-21,1628.51
2023-04-20,1630.16
2023-04-19,1624.58
2023-04-18,1606.59
2023-04-17,1641.31
2023-04-14,1620.69
2023-04-13,1617.29
2023-04-12,1642.12
2023-04-11,1605.06
2023-04-10,1527.32
2023-04-07,1523.07
2023-04-06,1534.38
2023-04-05,1537.02
2023-04-04,1545.85
2023-04-03,1470.79
2023-03-31,1462.07
2023-03-30,1464.65
2023-03-29,1455.24
2023-03-28,1450.71
2023-03-27,1438.34
2023-03-24,1523.40
2023-03-23,1494.33
2023-03-22,1501.90
2023-03-21,1545.11
2023-03-20,1486.69
2023-03-17,1521.59
2023-03-16,1510.69
2023-03-15,1473.27
2023-03-14,1541.94
2023-03-13,1482.70
2023-03-10,1479.45
2023-03-09,1542.08
2023-03-08,1518.26
2023-03-07,1516.31
2023-03-06,1549.08
2023-03-03,1535.29
2023-03-02,1516.69
2023-03-01,1535.36
2023-02-28,1554.38
2023-02-27,1502.51
2023-02-24,1493.10
2023-02-23,1494.51
2023-02-22,1488.31
2023-02-21,1484.69
2023-02-20,1477.19
2023-02-17,1461.61
2023-02-16,1460.91
2023-02-15,1447.30
2023-02-14,1427.75
2023-02-13,1396.65
2023-02-10,1397.35
2023-02-09,1434.33
2023-02-08,1393.18
2023-02-07,1404.43
2023-02-06,1431.52
2023-02-03,1414.07
2023-02-02,1398.85
2023-02-01,1395.44
2023-01-31,1397.65
2023-01-30,1455.12
2023-01-27,1458.93
2023-01-26,1472.11
2023-01-25,1462.48
2023-01-24,1479.15
2023-01-23,1524.09
2023-01-20,1521.40
2023-01-19,1514.84
2023-01-18,1545.97
2023-01-17,1633.88
2023-01-16,1522.09
2023-01-13,1508.94
2023-01-12,1553.15
2023-01-11,1616.61
2023-01-10,1626.19
2023-01-09,1636.00
2023-01-06,1615.96
2023-01-05,1611.46
2023-01-04,1611.49
2023-01-03,1625.66
2022-12-30,1664.01
2022-12-29,1566.84
2022-12-28,1653.73
2022-12-27,1674.50
2022-12-23,1642.12
2022-12-22,1650.45
2022-12-21,1646.91
2022-12-20,1660.10
2022-12-19,1605.72
2022-12-16,1623.64
2022-12-15,1612.91
2022-12-14,1645.35
2022-12-13,1593.77
2022-12-12,1577.77
2022-12-09,1585.83
2022-12-08,1583.52
2022-12-07,1601.40
2022-12-06,1579.48
2022-12-05,1596.28
2022-12-02,1546.60
2022-12-01,1570.42
2022-11-30,1541.01
2022-11-29,1617.74
2022-11-28,1580.65
2022-11-25,1547.13
2022-11-23,1558.90
2022-11-22,1555.59
2022-11-21,1561.70
2022-11-18,1532.54
2022-11-17,1531.91
2022-11-16,1534.36
2022-11-15,1524.40
2022-11-14,1533.44
2022-11-11,1519.02
2022-11-10,1526.07
2022-11-09,1488.51
2022-11-08,1502.64
2022-11-07,1498.75
2022-11-04,1451.92
2022-11-03,1425.36
2022-11-02,1475.04
2022-11-01,1517.85
2022-10-31,1447.96
2022-10-28,1430.77
2022-10-27,1449.95
2022-10-26,1455.93
2022-10-25,1448.69
2022-10-24,1439.41
2022-10-21,1392.64
2022-10-20,1380.27
2022-10-19,1399.28
2022-10-18,1385.14
2022-10-17,1413.41
2022-10-14,1344.66
2022-10-13,1368.43
2022-10-12,1364.36
2022-10-11,1389.60
2022-10-10,1380.12
2022-10-07,1333.48
2022-10-06,1326.57
2022-10-05,1341.41
2022-10-04,1310.00
2022-10-03,1277.71
2022-09-30,1281.10
2022-09-29,1264.24
2022-09-28,1256.43
2022-09-27,1266.15
2022-09-26,1225.26
2022-09-23,1199.16
2022-09-22,1220.27
2022-09-21,1202.53
2022-09-20,1173.28
2022-09-19,1149.28
2022-09-16,1167.83
2022-09-15,1173.37
2022-09-14,1167.97
2022-09-13,1172.06
2022-09-12,1174.78
2022-09-09,1141.85
2022-09-08,1160.71
2022-09-07,1131.08
2022-09-06,1183.54
2022-09-02,1125.95
2022-09-01,1144.06
2022-08-31,1134.35
2022-08-30,1140.69
2022-08-29,1086.86
2022-08-26,1121.70
2022-08-25,1137.96
2022-08-24,1151.97
2022-08-23,1118.23
2022-08-22,1120.39
2022-08-19,1127.94
2022-08-18,1075.05
2022-08-17,1114.91
2022-08-16,1138.65
2022-08-15,1141.61
2022-08-12,1102.60
2022-08-11,1169.41
2022-08-10,1099.06
2022-08-09,1157.03
2022-08-08,1097.13
2022-08-05,1101.23
2022-08-04,1075.61
2022-08-03,1167.72
2022-08-02,1137.14
2022-08-01,1228.95
2022-07-29,1207.26
2022-07-28,1150.82
2022-07-27,1188.97
2022-07-26,1193.64
2022-07-25,1206.73
2022-07-22,1200.81
2022-07-21,1221.89
2022-07-20,1177.62
2022-07-19,1292.21
2022-07-18,1246.06
2022-07-15,1218.92
2022-07-14,1169.53
2022-07-13,1224.28
2022-07-12,1211.28
2022-07-11,1232.84
2022-07-08,1255.17
2022-07-07,1200.26
2022-07-06,1232.73
2022-07-05,1256.92
2022-07-01,1146.17
2022-06-30,1126.21
2022-06-29,1219.81
2022-06-28,1125.12
2022-06-27,1101.95
2022-06-24,1161.03
2022-06-23,1088.21
2022-06-22,1103.50
2022-06-21,1100.49
2022-06-20,1244.93
2022-06-17,1109.89
2022-06-16,1160.86
2022-06-15,1167.94
2022-06-14,1220.26
2022-06-13,1327.28
2022-06-10,1310.85
2022-06-09,1279.26
2022-06-08,1287.65
2022-06-07,1351.97
2022-06-06,1345.42
2022-06-03,1295.40
2022-06-02,1304.69
2022-06-01,1314.59
2022-05-31,1347.21
2022-05-27,1342.21
2022-05-26,1312.79
2022-05-25,1309.68
2022-05-24,1298.67
2022-05-23,1361.05
2022-05-20,1327.98
2022-05-19,1296.61
2022-05-18,1320.11
2022-05-17,1294.39
2022-05-16,1346.83
2022-05-13,1289.06
2022-05-12,1282.37
2022-05-11,1296.10
2022-05-10,1333.23
2022-05-09,1349.50
2022-05-06,1448.45
2022-05-05,1330.72
2022-05-04,1388.88
2022-05-03,1344.06
2022-05-02,1419.50
2022-04-29,1417.52
2022-04-28,1427.32
2022-04-27,1425.85
2022-04-26,1447.95
2022-04-25,1376.35
2022-04-22,1411.16
2022-04-21,1422.64
2022-04-20,1414.88
2022-04-19,1451.53
2022-04-18,1377.48
2022-04-15,1381.42
2022-04-14,1379.66
2022-04-13,1364.07
2022-04-12,1403.93
2022-04-11,1341.01
2022-04-08,1355.89
2022-04-07,1340.67
2022-04-06,1327.20
2022-04-05,1306.02
2022-04-04,1324.98
2022-04-01,1301.23
2022-03-31,1303.68
2022-03-30,1303.54
2022-03-29,1267.56
2022-03-28,1247.71
2022-03-25,1244.18
2022-03-24,1251.81
2022-03-23,1224.31
2022-03-22,1279.29
2022-03-21,1214.23
2022-03-18,1200.02
2022-03-17,1218.66
2022-03-16,1211.00
2022-03-15,1206.05
2022-03-14,1174.09
2022-03-11,1168.78
2022-03-10,1157.93
2022-03-09,1151.68
2022-03-08,1174.62
2022-03-07,1158.67
2022-03-04,1174.23
2022-03-03,1131.96
2022-03-02,1192.25
2022-03-01,1132.47
2022-02-28,1136.48
2022-02-25,1218.34
2022-02-24,1119.03
2022-02-23,1110.28
2022-02-22,1121.44
2022-02-21,1108.52
2022-02-18,1120.63
2022-02-17,1160.13
2022-02-16,1161.60
2022-02-15,1137.98
2022-02-14,1154.03
2022-02-11,1097.21
2022-02-10,1128.99
2022-02-09,1112.13
2022-02-08,1069.84
2022-02-07,1173.32
2022-02-04,1142.61
2022-02-03,1230.23
2022-02-02,1182.92
2022-02-01,1387.01
2022-01-31,1281.66
2022-01-28,1381.05
2022-01-27,1390.85
2022-01-26,1397.73
2022-01-25,1386.19
2022-01-24,1360.57
2022-01-21,1384.73
2022-01-20,1378.44
2022-01-19,1366.33
2022-01-18,1437.34
2022-01-17,1357.27
2022-01-14,1367.85
2022-01-13,1347.51
2022-01-12,1356.50
2022-01-11,1347.40
2022-01-10,1327.98
2022-01-07,1310.56
2022-01-06,1300.67
2022-01-05,1276.34
2022-01-04,1301.01
2022-01-03,1267.39
2021-12-30,1275.99
2021-12-29,1285.76
2021-12-28,1348.53
2021-12-27,1268.25
2021-12-23,1265.65
2021-12-22,1280.77
2021-12-21,1284.64
2021-12-20,1276.60
2021-12-17,1263.78
2021-12-16,1291.24
2021-12-15,1379.00
2021-12-14,1239.39
2021-12-13,1276.63
2021-12-10,1328.34
2021-12-09,1327.15
2021-12-08,1301.52
2021-12-07,1372.62
2021-12-06,1365.25
2021-12-03,1401.24
2021-12-02,1402.93
2021-12-01,1378.26
2021-11-30,1385.64
2021-11-29,1368.66
2021-11-26,1541.49
2021-11-24,1424.21
2021-11-23,1409.18
2021-11-22,1408.81
2021-11-19,1404.03
2021-11-18,1376.69
2021-11-17,1444.73
2021-11-16,1368.99
2021-11-15,1373.29
2021-11-12,1343.77
2021-11-11,1353.79
2021-11-10,1346.94
2021-11-09,1355.75
2021-11-08,1341.12
2021-11-05,1360.85
2021-11-04,1363.06
2021-11-03,1382.91
2021-11-02,1362.04
2021-11-01,1384.73
2021-10-29,1319.97
2021-10-28,1336.54
2021-10-27,1345.74
2021-10-26,1351.08
2021-10-25,1282.48
2021-10-22,1310.22
2021-10-21,1275.95
2021-10-20,1277.67
2021-10-19,1263.52
2021-10-18,1304.12
2021-10-15,1285.66
2021-10-14,1272.29
2021-10-13,1264.65
2021-10-12,1286.46
2021-10-11,1279.56
2021-10-08,1276.52
2021-10-07,1281.18
2021-10-06,1283.21
2021-10-05,1266.02
2021-10-04,1281.34
2021-10-01,1354.03
2021-09-30,1318.64
2021-09-29,1298.95
2021-09-28,1401.42
2021-09-27,1436.14
2021-09-24,1392.84
2021-09-23,1462.95
2021-09-22,1389.34
2021-09-21,1458.32
2021-09-20,1459.12
2021-09-17,1464.13
2021-09-16,1458.30
2021-09-15,1472.93
2021-09-14,1474.63
2021-09-13,1484.48
2021-09-10,1491.13
2021-09-09,1690.85
2021-09-08,1699.89
2021-09-07,1754.24
2021-09-03,1677.84
2021-09-02,1678.02
2021-09-01,1674.07
2021-08-31,1693.92
2021-08-30,1748.81
2021-08-27,1745.32
2021-08-26,1731.84
2021-08-25,1741.35
2021-08-24,1766.48
2021-08-23,1758.63
2021-08-20,1737.47
2021-08-19,1751.88
2021-08-18,1734.65
2021-08-17,1700.61
2021-08-16,1694.83
2021-08-13,1647.07
2021-08-12,1665.22
2021-08-11,1618.91
2021-08-10,1612.89
2021-08-09,1556.72
2021-08-06,1545.52
2021-08-05,1540.94
2021-08-04,1509.88
2021-08-03,1527.87
2021-08-02,1499.53
2021-07-30,1468.07
2021-07-29,1433.61
2021-07-28,1394.22
2021-07-27,1340.23
2021-07-26,1389.30
2021-07-23,1371.55
2021-07-22,1371.62
2021-07-21,1375.90
2021-07-20,1327.78
2021-07-19,1374.87
2021-07-16,1366.92
2021-07-15,1414.71
2021-07-14,1365.00
2021-07-13,1647.91
2021-07-12,1446.99
2021-07-09,1650.00
2021-07-08,1655.37
2021-07-07,1632.89
2021-07-06,1704.97
2021-07-02,1704.85
2021-07-01,1692.32
2021-06-30,1723.95
2021-06-29,1648.06
2021-06-28,1681.26
2021-06-25,1759.55
2021-06-24,1749.41
2021-06-23,1744.01
2021-06-22,1824.22
2021-06-21,1828.43
2021-06-18,1822.34
2021-06-17,1830.48
2021-06-16,1830.14
2021-06-15,1880.40
2021-06-14,1832.67
2021-06-11,1830.04
2021-06-10,1821.34
2021-06-09,1815.88
2021-06-08,1861.19
2021-06-07,1860.50
2021-06-04,1779.83
2021-06-03,1791.90
2021-06-02,1820.50
2021-06-01,1767.98
2021-05-28,1765.02
2021-05-27,1791.09
2021-05-26,1771.36
2021-05-25,1785.66
2021-05-24,1724.61
2021-05-21,1702.38
2021-05-20,1712.13
2021-05-19,1706.16
2021-05-18,1682.86
2021-05-17,1683.55
2021-05-14,1651.84
2021-05-13,1643.28
2021-05-12,1655.40
2021-05-11,1661.59
2021-05-10,1635.38
2021-05-07,1611.16
2021-05-06,1594.24
2021-05-05,1600.83
2021-05-04,1606.59
2021-05-03,1565.27
2021-04-30,1535.79
2021-04-29,1500.62
2021-04-28,1483.51
2021-04-27,1470.83
2021-04-26,1496.99
2021-04-23,1422.47
2021-04-22,1460.63
2021-04-21,1427.96
2021-04-20,1423.78
2021-04-19,1381.55
2021-04-16,1363.04
2021-04-15,1359.49
2021-04-14,1359.66
2021-04-13,1369.09
2021-04-12,1332.15
2021-04-09,1305.08
2021-04-08,1301.86
2021-04-07,1329.49
2021-04-06,1291.57
2021-04-05,1316.57
2021-04-02,1197.98
2021-04-01,1216.88
2021-03-31,1210.95
2021-03-30,1219.22
2021-03-29,1197.71
2021-03-26,1127.69
2021-03-25,1115.15
2021-03-24,1164.56
2021-03-23,1112.87
2021-03-22,1097.32
2021-03-19,1069.77
2021-03-18,1086.58
2021-03-17,1073.30
2021-03-16,1047.85
2021-03-15,1021.72
2021-03-12,1012.70
2021-03-11,1027.56
2021-03-10,1036.90
2021-03-09,1001.93
2021-03-08,1044.53
2021-03-05,1052.66
2021-03-04,1041.45
2021-03-03,1058.05
2021-03-02,1072.25
2021-03-01,1087.74
2021-02-26,1079.42
2021-02-25,1069.76
2021-02-24,1082.32
2021-02-23,1150.09
2021-02-22,1061.13
2021-02-19,1039.21
2021-02-18,1009.89
2021-02-17,1041.76
2021-02-16,1055.19
2021-02-15,1038.73
2021-02-12,1052.26
2021-02-11,1029.57
2021-02-10,1063.10
2021-02-09,1060.21
2021-02-08,1091.13
2021-02-05,1070.63
2021-02-04,1048.25
2021-02-03,1067.31
2021-02-02,1059.20
2021-02-01,1058.27
2021-01-29,1024.25
2021-01-28,1023.05
2021-01-27,992.91
2021-01-26,1002.63
2021-01-25,967.37
2021-01-22,987.24
2021-01-21,938.96
2021-01-20,929.33
2021-01-19,886.71
2021-01-18,903.30
2021-01-15,903.75
2021-01-14,880.57
2021-01-13,869.07
2021-01-12,875.25
2021-01-11,873.40
2021-01-08,868.34
2021-01-07,844.05
2021-01-06,878.35
2021-01-05,861.85
2021-01-04,907.77
2020-12-31,885.96
2020-12-30,893.66
2020-12-29,900.74
2020-12-28,882.37
2020-12-23,875.75
2020-12-22,883.81
2020-12-21,877.55
2020-12-18,897.81
2020-12-17,882.77
2020-12-16,859.57
2020-12-15,901.71
2020-12-14,976.81
2020-12-11,909.72
2020-12-10,970.90
2020-12-09,1020.38
2020-12-08,1051.87
2020-12-07,1126.10
2020-12-04,1114.72
2020-12-03,1116.49
2020-12-02,1115.28
2020-12-01,1156.98
2020-11-30,1117.05
2020-11-27,1104.98
2020-11-25,1123.30
2020-11-24,1111.98
2020-11-23,1108.87
2020-11-20,1094.84
2020-11-19,1083.24
2020-11-18,1089.01
2020-11-17,1100.30
2020-11-16,1089.38
2020-11-13,1045.42
2020-11-12,1158.47
2020-11-11,1074.71
2020-11-10,1036.93
2020-11-09,1036.15
2020-11-06,1088.98
2020-11-05,1058.39
2020-11-04,1045.58
2020-11-03,1064.25
2020-11-02,1096.35
2020-10-30,1045.57
2020-10-29,1068.72
2020-10-28,1063.88
2020-10-27,1102.73
2020-10-26,1063.63
2020-10-23,1085.38
2020-10-22,1082.53
2020-10-21,1073.04
2020-10-20,1121.58
2020-10-19,1119.51
2020-10-16,1044.20
2020-10-15,1025.04
2020-10-14,1032.50
2020-10-13,1008.95
2020-10-12,1108.78
2020-10-09,1103.03
2020-10-08,1129.34
2020-10-07,1179.82
2020-10-06,1136.62
2020-10-05,1137.12
2020-10-02,1128.62
2020-10-01,1127.99
2020-09-30,1157.24
2020-09-29,1137.25
2020-09-28,1126.51
2020-09-25,1117.83
2020-09-24,1115.12
2020-09-23,1125.36
2020-09-22,1108.10
2020-09-21,1123.73
2020-09-18,1086.36
2020-09-17,1093.88
2020-09-16,1086.17
2020-09-15,1101.68
2020-09-14,1077.67
2020-09-11,1098.12
2020-09-10,1093.81
2020-09-09,1092.86
2020-09-08,1104.14
2020-09-04,1082.42
2020-09-03,1076.59
2020-09-02,1089.99
2020-09-01,1054.01
2020-08-31,1040.32
2020-08-28,1029.57
2020-08-27,1105.75
2020-08-26,1068.58
2020-08-25,1079.80
2020-08-24,1026.50
2020-08-21,1010.34
2020-08-20,1019.86
2020-08-19,1002.28
2020-08-18,987.55
2020-08-17,956.93
2020-08-14,940.80
2020-08-13,937.90
2020-08-12,930.41
2020-08-11,926.61
2020-08-10,902.00
2020-08-07,889.25
2020-08-06,887.13
2020-08-05,884.94
2020-08-04,857.89
2020-08-03,844.18
2020-07-31,845.27
2020-07-30,839.74
2020-07-29,838.19
2020-07-28,834.10
2020-07-27,826.06
2020-07-24,815.76
2020-07-23,817.96
2020-07-22,828.31
2020-07-21,797.18
2020-07-20,787.24
2020-07-17,807.03
2020-07-16,781.00
2020-07-15,780.52
2020-07-14,778.65
2020-07-13,762.75
2020-07-10,824.52
2020-07-09,772.50
2020-07-08,755.08
2020-07-07,768.10
2020-07-06,775.91
2020-07-02,767.74
2020-07-01,765.91
2020-06-30,789.67
2020-06-29,786.50
2020-06-26,794.57
2020-06-25,773.28
2020-06-24,803.69
2020-06-23,801.14
2020-06-22,842.98
2020-06-19,877.77
2020-06-18,846.95
2020-06-17,898.29
2020-06-16,908.64
2020-06-15,1003.18
2020-06-12,975.40
2020-06-11,1033.17
2020-06-10,1118.05
2020-06-09,1093.43
2020-06-08,1128.57
2020-06-05,1152.21
2020-06-04,1148.00
2020-06-03,1227.74
2020-06-02,1204.36
2020-06-01,1231.44
2020-05-29,1173.14
2020-05-28,1232.75
2020-05-27,1231.87
2020-05-26,1237.49
2020-05-22,1228.07
2020-05-21,1231.46
2020-05-20,1236.15
2020-05-19,1224.67
2020-05-18,1227.64
2020-05-15,1233.59
2020-05-14,1233.58
2020-05-13,1242.73
2020-05-12,1220.23
2020-05-11,1257.49
2020-05-08,1234.81
2020-05-07,1214.81
2020-05-06,1216.65
2020-05-05,1196.69
2020-05-04,1161.30
2020-05-01,1091.08
2020-04-30,1099.94
2020-04-29,1072.61
2020-04-28,1002.68
2020-04-27,983.99
2020-04-24,968.13
2020-04-23,826.05
2020-04-22,841.72
2020-04-21,769.33
2020-04-20,593.13
2020-04-17,588.50
2020-04-16,548.73
2020-04-15,523.56
2020-04-14,522.34
2020-04-13,530.62
2020-04-10,521.70
2020-04-09,529.85
2020-04-08,509.67
2020-04-07,528.60
2020-04-06,621.64
2020-04-03,659.80
2020-04-02,641.22
2020-04-01,707.06
2020-03-31,673.13
2020-03-30,703.04
2020-03-27,692.11
2020-03-26,690.98
2020-03-25,702.44
2020-03-24,716.65
2020-03-23,767.02
2020-03-20,739.66
2020-03-19,781.98
2020-03-18,861.95
2020-03-17,900.15
2020-03-16,915.47
2020-03-13,919.06
2020-03-12,908.62
2020-03-11,924.51
2020-03-10,942.76
2020-03-09,949.49
2020-03-06,939.82
2020-03-05,943.12
2020-03-04,940.51
2020-03-03,936.00
2020-03-02,960.06
2020-02-28,918.88
2020-02-27,962.02
2020-02-26,986.59
2020-02-25,942.77
2020-02-24,943.28
2020-02-21,950.80
2020-02-20,936.77
2020-02-19,936.81
2020-02-18,927.65
2020-02-17,947.24
2020-02-14,941.90
2020-02-13,977.58
2020-02-12,955.30
2020-02-11,974.53
2020-02-10,996.73
2020-02-07,966.44
2020-02-06,980.82
2020-02-05,982.15
2020-02-04,1043.32
2020-02-03,999.64
2020-01-31,1006.09
2020-01-30,987.11
2020-01-29,1012.11
2020-01-28,1011.89
2020-01-27,1013.41
2020-01-24,1007.08
2020-01-23,1016.01
2020-01-22,1000.80
2020-01-21,1029.50
2020-01-20,996.16
2020-01-17,999.92
2020-01-16,1007.49
2020-01-15,1011.32
2020-01-14,1005.30
2020-01-13,1047.59
2020-01-10,995.01
2020-01-09,1009.29
2020-01-08,990.93
2020-01-07,989.56
2020-01-06,989.60
2020-01-03,1008.16
2020-01-02,1007.03
2019-12-31,1030.92
2019-12-30,1026.78
2019-12-27,1023.86
2019-12-26,1034.63
2019-12-23,1052.55
2019-12-20,1052.24
2019-12-19,1068.31
2019-12-18,1052.23
2019-12-17,1092.77
2019-12-16,1090.55
2019-12-13,1122.35
2019-12-12,1171.42
2019-12-11,1144.50
2019-12-10,1176.09
2019-12-09,1195.47
2019-12-06,1219.65
2019-12-05,1217.75
2019-12-04,1193.99
2019-12-03,1224.19
2019-12-02,1295.51
2019-11-29,1329.88
2019-11-27,1268.15
2019-11-26,1287.70
2019-11-25,1340.88
2019-11-22,1307.24
2019-11-21,1382.95
2019-11-20,1418.51
2019-11-19,1433.23
2019-11-18,1437.44
2019-11-15,1416.06
2019-11-14,1429.75
2019-11-13,1429.67
2019-11-12,1470.27
2019-11-11,1443.38
2019-11-08,1415.09
2019-11-07,1423.43
2019-11-06,1423.95
2019-11-05,1381.57
2019-11-04,1385.22
2019-11-01,1385.71
2019-10-31,1330.20
2019-10-30,1376.51
2019-10-29,1320.59
2019-10-28,1331.45
2019-10-25,1309.87
2019-10-24,1232.27
2019-10-23,1254.76
2019-10-22,1184.55
2019-10-21,1166.76
2019-10-18,1133.81
2019-10-17,1133.08
2019-10-16,1137.85
2019-10-15,1122.60
2019-10-14,1105.58
2019-10-11,1088.18
2019-10-10,1103.29
2019-10-09,1127.91
2019-10-08,1070.21
2019-10-07,1008.33
2019-10-04,1036.71
2019-10-03,1014.04
2019-10-02,1007.01
2019-10-01,1015.23
2019-09-30,1021.18
2019-09-27,1014.03
2019-09-26,996.80
2019-09-25,1018.87
2019-09-24,1027.86
2019-09-23,1011.13
2019-09-20,1024.26
2019-09-19,1006.41
2019-09-18,982.67
2019-09-17,1004.38
2019-09-16,1015.89
2019-09-13,978.60
2019-09-12,971.56
2019-09-11,962.82
2019-09-10,1012.67
2019-09-09,997.55
2019-09-06,1008.51
2019-09-05,1010.12
2019-09-04,997.79
2019-09-03,1053.36
2019-08-30,1006.44
2019-08-29,1025.28
2019-08-28,1018.62
2019-08-27,982.17
2019-08-26,1011.59
2019-08-23,1001.50
2019-08-22,1002.10
2019-08-21,1000.81
2019-08-20,1035.91
2019-08-19,1012.52
2019-08-16,984.99
2019-08-15,1013.56
2019-08-14,1003.14
2019-08-13,987.96
2019-08-12,981.88
2019-08-09,948.50
2019-08-08,966.18
2019-08-07,950.99
2019-08-06,962.00
2019-08-05,955.38
2019-08-02,938.03
2019-08-01,947.62
2019-07-31,944.87
2019-07-30,946.96
2019-07-29,925.49
2019-07-26,930.07
2019-07-25,930.79
2019-07-24,924.40
2019-07-23,909.07
2019-07-22,917.91
2019-07-19,959.53
2019-07-18,932.76
2019-07-17,946.36
2019-07-16,940.21
2019-07-15,977.77
2019-07-12,945.33
2019-07-11,945.06
2019-07-10,946.03
2019-07-09,955.59
2019-07-08,985.08
2019-07-05,970.83
2019-07-03,944.70
2019-07-02,961.73
2019-07-01,973.63
2019-06-28,970.85
2019-06-27,972.47
2019-06-26,980.68
2019-06-25,967.33
2019-06-24,990.18
2019-06-21,1007.38
2019-06-20,973.73
2019-06-19,969.95
2019-06-18,965.66
2019-06-17,954.27
2019-06-14,954.51
2019-06-13,950.35
2019-06-12,964.31
2019-06-11,956.15
2019-06-10,974.74
2019-06-07,962.19
2019-06-06,966.97
2019-06-05,962.87
2019-06-04,997.83
2019-06-03,971.94
2019-05-31,971.25
2019-05-30,968.87
2019-05-29,966.35
2019-05-28,963.92
2019-05-24,965.60
2019-05-23,963.70
2019-05-22,963.26
2019-05-21,957.33
2019-05-20,968.82
2019-05-17,963.19
2019-05-16,964.67
2019-05-15,965.61
2019-05-14,964.95
2019-05-13,977.78
2019-05-10,972.30
2019-05-09,964.75
2019-05-08,963.43
2019-05-07,971.19
2019-05-06,967.19
2019-05-03,972.25
2019-05-02,986.23
2019-05-01,975.70
2019-04-30,960.62
2019-04-29,978.72
2019-04-26,981.91
2019-04-25,973.02
2019-04-24,968.30
2019-04-23,985.15
2019-04-22,976.93
2019-04-19,971.53
2019-04-18,973.59
2019-04-17,970.90
2019-04-16,972.28
2019-04-15,985.89
2019-04-12,967.14
2019-04-11,961.61
2019-04-10,965.44
2019-04-09,969.17
2019-04-08,982.96
2019-04-05,962.32
2019-04-04,973.01
2019-04-03,993.48
2019-04-02,972.03
2019-04-01,1016.59
2019-03-29,968.82
2019-03-28,972.13
2019-03-27,988.20
2019-03-26,986.62
2019-03-25,988.28
2019-03-22,977.48
2019-03-21,980.91
2019-03-20,980.15
2019-03-19,987.70
2019-03-18,1005.79
2019-03-15,1018.39
2019-03-14,1008.11
2019-03-13,1010.51
2019-03-12,1009.29
2019-03-11,1029.27
2019-03-08,1034.75
2019-03-07,1029.84
2019-03-06,1036.32
2019-03-05,1034.24
2019-03-04,1011.36
2019-03-01,1012.78
2019-02-28,1003.22
2019-02-27,1012.01
2019-02-26,994.18
2019-02-25,1023.53
2019-02-22,1023.65
2019-02-21,1020.75
2019-02-20,1021.20
2019-02-19,993.01
2019-02-18,996.13
2019-02-15,995.81
2019-02-14,999.17
2019-02-13,986.75
2019-02-12,1022.85
2019-02-11,1029.32
2019-02-08,1018.50
2019-02-07,1014.28
2019-02-06,1005.38
2019-02-05,992.63
2019-02-04,1061.99
2019-02-01,1043.69
2019-01-31,1009.78
2019-01-30,1103.04
2019-01-29,1031.66
2019-01-28,1039.61
2019-01-25,1088.30
2019-01-24,1056.39
2019-01-23,1066.53
2019-01-22,1096.17
2019-01-21,1052.67
2019-01-18,1053.57
2019-01-17,1032.20
2019-01-16,1032.13
2019-01-15,1042.33
2019-01-14,1057.26
2019-01-11,1030.06
2019-01-10,1032.71
2019-01-09,1032.56
2019-01-08,1024.58
2019-01-07,1032.40
2019-01-04,1038.26
2019-01-03,1039.44
2019-01-02,1047.40
2018-12-31,991.51
2018-12-28,1031.32
2018-12-27,1033.24
2018-12-26,1051.65
2018-12-21,1080.23
2018-12-20,1074.24
2018-12-19,1084.26
2018-12-18,1045.43
2018-12-17,1115.53
2018-12-14,1040.21
2018-12-13,1146.15
2018-12-12,1153.90
2018-12-11,1161.50
2018-12-10,1176.15
2018-12-07,1159.33
2018-12-06,1160.21
2018-12-05,1183.52
2018-12-04,1155.10
2018-12-03,1197.26
2018-11-30,1166.34
2018-11-29,1152.49
2018-11-28,1207.29
2018-11-27,1167.94
2018-11-26,1208.90
2018-11-23,1144.75
2018-11-21,1193.28
2018-11-20,1195.59
2018-11-19,1169.35
2018-11-16,1213.26
2018-11-15,1187.10
2018-11-14,1191.68
2018-11-13,1168.02
2018-11-12,1152.40
2018-11-09,1148.60
2018-11-08,1139.81
2018-11-07,1167.47
2018-11-06,1161.51
2018-11-05,1154.47
2018-11-02,1140.82
2018-11-01,1166.46
2018-10-31,1162.13
2018-10-30,1116.29
2018-10-29,1120.66
2018-10-26,1105.81
2018-10-25,1119.33
2018-10-24,1109.10
2018-10-23,1115.31
2018-10-22,1064.48
2018-10-19,1063.38
2018-10-18,1072.18
2018-10-17,1056.75
2018-10-16,1039.49
2018-10-15,1025.87
2018-10-12,1025.85
2018-10-11,1038.97
2018-10-10,1014.72
2018-10-09,1019.56
2018-10-08,1013.45
2018-10-05,999.33
2018-10-04,1015.03
2018-10-03,1002.06
2018-10-02,1000.53
2018-10-01,979.33
2018-09-28,1023.06
2018-09-27,975.11
2018-09-26,998.45
2018-09-25,949.29
2018-09-24,986.91
2018-09-21,938.81
2018-09-20,936.06
2018-09-19,935.86
2018-09-18,931.15
2018-09-17,980.29
2018-09-14,923.26
2018-09-13,911.60
2018-09-12,933.09
2018-09-11,938.37
2018-09-10,935.11
2018-09-07,923.33
2018-09-06,916.22
2018-09-05,941.63
2018-09-04,926.32
2018-08-31,968.74
2018-08-30,981.97
2018-08-29,960.29
2018-08-28,989.29
2018-08-27,966.45
2018-08-24,945.67
2018-08-23,955.36
2018-08-22,942.42
2018-08-21,943.24
2018-08-20,987.98
2018-08-17,930.75
2018-08-16,961.31
2018-08-15,949.27
2018-08-14,928.24
2018-08-13,946.81
2018-08-10,918.99
2018-08-09,918.29
2018-08-08,907.65
2018-08-07,906.97
2018-08-06,903.53
2018-08-03,922.57
2018-08-02,945.69
2018-08-01,902.45
2018-07-31,915.05
2018-07-30,923.91
2018-07-27,910.85
2018-07-26,912.46
2018-07-25,903.28
2018-07-24,901.49
2018-07-23,909.46
2018-07-20,905.95
2018-07-19,906.45
2018-07-18,896.40
2018-07-17,902.15
2018-07-16,898.28
2018-07-13,897.27
2018-07-12,906.70
2018-07-11,942.91
2018-07-10,900.14
2018-07-09,911.06
2018-07-06,899.88
2018-07-05,912.50
2018-07-03,946.46
2018-07-03,946.46
2018-07-02,912.09
2018-06-29,913.19
2018-06-28,933.19
2018-06-27,919.69
2018-06-26,916.94
2018-06-25,946.56
2018-06-22,952.84
2018-06-21,929.95
2018-06-20,939.55
2018-06-19,942.06
2018-06-18,1000.10
2018-06-15,955.21
2018-06-14,946.11
2018-06-13,963.18
2018-06-12,966.78
2018-06-11,1016.40
2018-06-08,997.47
2018-06-07,1089.19
2018-06-06,989.79
2018-06-05,990.99
2018-06-04,1011.65
2018-06-01,993.60
2018-05-31,997.25
2018-05-30,987.35
2018-05-29,1030.12
2018-05-25,1002.20
2018-05-24,992.81
2018-05-23,1009.94
2018-05-22,986.46
2018-05-21,1002.13
2018-05-18,1059.07
2018-05-17,976.29
2018-05-16,993.28
2018-05-15,997.02
2018-05-14,1028.62
2018-05-11,1024.67
2018-05-10,1001.27
2018-05-09,1003.07
2018-05-08,984.88
2018-05-07,983.50
2018-05-04,983.06
2018-05-03,981.19
2018-05-02,975.16
2018-05-01,976.88
2018-04-30,938.81
2018-04-27,950.82
2018-04-26,924.06
2018-04-25,921.73
2018-04-24,901.70
2018-04-23,882.31
2018-04-20,874.36
2018-04-19,882.53
2018-04-18,865.23
2018-04-17,865.33
2018-04-16,877.35
2018-04-13,870.73
2018-04-12,870.72
2018-04-11,867.62
2018-04-10,866.50
2018-04-09,908.59
2018-04-06,912.91
2018-04-05,938.36
2018-04-04,904.19
2018-04-03,918.56
2018-04-02,919.04
2018-03-30,964.46
2018-03-29,1038.49
2018-03-28,957.60
2018-03-27,983.68
2018-03-26,990.58
2018-03-23,966.38
2018-03-22,980.39
2018-03-21,993.35
2018-03-20,982.17
2018-03-19,1018.69
2018-03-16,1015.15
2018-03-15,1020.24
2018-03-14,1000.03
2018-03-13,1010.08
2018-03-12,1003.29
2018-03-09,998.62
2018-03-08,1016.49
2018-03-07,992.50
2018-03-06,993.66
2018-03-05,1005.08
2018-03-02,982.24
2018-03-01,1004.26
2018-02-28,982.14
2018-02-27,982.47
2018-02-26,1006.34
2018-02-23,965.41
2018-02-22,965.65
2018-02-21,975.88
2018-02-20,996.22
2018-02-19,966.76
2018-02-16,953.68
2018-02-15,931.95
2018-02-14,932.68
2018-02-13,953.53
2018-02-12,935.99
2018-02-09,938.65
2018-02-08,921.91
2018-02-07,941.35
2018-02-06,929.14
2018-02-05,963.44
2018-02-02,948.81
2018-02-01,925.71
2018-01-31,952.99
2018-01-30,933.21
2018-01-29,946.78
2018-01-26,956.66
2018-01-25,927.40
2018-01-24,926.66
2018-01-23,934.49
2018-01-22,926.99
2018-01-19,941.71
2018-01-18,959.40
2018-01-17,938.65
2018-01-16,924.07
2018-01-15,972.53
2018-01-12,947.03
2018-01-11,981.81
2018-01-10,952.96
2018-01-09,998.70
2018-01-08,964.19
2018-01-05,979.52
2018-01-04,958.64
2018-01-03,959.33
2018-01-02,960.72
2017-12-29,944.07
2017-12-28,921.58
2017-12-27,919.96
2017-12-26,984.62
2017-12-22,957.35
2017-12-21,984.61
2017-12-20,982.62
2017-12-19,989.14
2017-12-18,1007.58
2017-12-15,1053.88
2017-12-14,1072.02
2017-12-13,1043.76
2017-12-12,1075.45
2017-12-11,1048.56
2017-12-08,1107.45
2017-12-07,1113.80
2017-12-06,1177.46
2017-12-05,1167.12
2017-12-04,1160.95
2017-12-01,1153.37
2017-11-30,1148.68
2017-11-29,1183.65
2017-11-28,1141.47
2017-11-27,1182.21
2017-11-24,1164.09
2017-11-22,1160.87
2017-11-21,1153.83
2017-11-20,1161.37
2017-11-17,1167.72
2017-11-16,1149.94
2017-11-15,1145.50
2017-11-14,1134.28
2017-11-13,1071.43
2017-11-10,1118.76
2017-11-09,1109.62
2017-11-08,1113.20
2017-11-07,1049.82
2017-11-06,1070.61
2017-11-03,1054.78
2017-11-02,1043.54
2017-11-01,1027.58
2017-10-31,1033.35
2017-10-30,1014.94
2017-10-27,954.89
2017-10-26,1005.47
2017-10-25,981.56
2017-10-24,1003.14
2017-10-23,978.64
2017-10-20,966.72
2017-10-19,955.65
2017-10-18,973.84
2017-10-17,942.33
2017-10-16,927.93
2017-10-13,910.64
2017-10-12,935.95
2017-10-11,915.51
2017-10-10,942.00
2017-10-09,904.42
2017-10-06,905.50
2017-10-05,916.41
2017-10-04,922.70
2017-10-03,925.42
2017-10-02,949.34
2017-09-29,931.45
2017-09-28,921.10
2017-09-27,922.89
2017-09-26,917.44
2017-09-25,919.17
2017-09-22,914.27
2017-09-21,892.33
2017-09-20,885.79
2017-09-19,891.14
2017-09-18,877.80
2017-09-15,919.45
2017-09-14,884.30
2017-09-13,877.03
2017-09-12,949.82
2017-09-11,858.33
2017-09-08,880.48
2017-09-07,858.91
2017-09-06,896.89
2017-09-05,887.94
2017-09-01,868.20
2017-08-31,880.32
2017-08-30,893.04
2017-08-29,881.83
2017-08-28,871.78
2017-08-25,866.99
2017-08-24,860.59
2017-08-23,874.14
2017-08-22,883.92
2017-08-21,922.30
2017-08-18,909.55
2017-08-17,914.86
2017-08-16,924.53
2017-08-15,941.93
2017-08-14,929.56
2017-08-11,938.17
2017-08-10,927.62
2017-08-09,931.65
2017-08-08,920.96
2017-08-07,923.23
2017-08-04,935.66
2017-08-03,947.63
2017-08-02,947.08
2017-08-01,964.28
2017-07-31,947.27
2017-07-28,943.44
2017-07-27,941.17
2017-07-26,943.15
2017-07-25,965.24
2017-07-24,969.05
2017-07-21,952.03
2017-07-20,937.22
2017-07-19,938.66
2017-07-18,943.99
2017-07-17,965.08
2017-07-14,959.80
2017-07-13,948.49
2017-07-12,1017.13
2017-07-11,970.99
2017-07-10,990.64
2017-07-07,1012.22
2017-07-06,997.65
2017-07-05,1023.27
2017-07-03,977.07
2017-06-30,977.34
2017-06-29,998.71
2017-06-28,981.04
2017-06-27,1071.55
2017-06-26,1004.41
2017-06-23,986.06
2017-06-22,1006.31
2017-06-21,1020.67
2017-06-20,996.48
2017-06-19,1060.54
2017-06-16,1029.39
2017-06-15,1027.90
2017-06-14,1046.67
2017-06-13,1045.39
2017-06-12,1044.45
2017-06-09,1042.71
2017-06-08,1074.16
2017-06-07,1043.58
2017-06-06,1009.26
2017-06-05,1021.59
2017-06-02,1018.03
2017-06-01,1002.84
2017-05-31,1005.06
2017-05-30,1003.16
2017-05-26,1011.38
2017-05-25,1010.45
2017-05-24,1006.99
2017-05-23,1022.54
2017-05-22,1023.93
2017-05-19,1012.56
2017-05-18,1041.55
2017-05-17,1017.33
2017-05-16,1089.09
2017-05-15,1088.77
2017-05-12,1084.29
2017-05-11,1072.05
2017-05-10,1120.76
2017-05-09,1055.91
2017-05-08,1100.50
2017-05-05,1091.98
2017-05-04,1086.07
2017-05-03,1071.34
2017-05-02,1086.83
2017-05-01,1072.44
2017-04-28,1038.50
2017-04-27,1027.15
2017-04-26,1016.77
2017-04-25,1012.43
2017-04-24,1035.14
2017-04-21,1026.08
2017-04-20,1022.63
2017-04-19,1023.46
2017-04-18,1023.60
2017-04-17,1013.58
2017-04-14,1023.71
2017-04-13,1010.15
2017-04-12,1011.05
2017-04-11,1000.50
2017-04-10,1013.47
2017-04-07,1018.83
2017-04-06,1007.53
2017-04-05,1023.25
2017-04-04,1030.96
2017-04-03,1024.39
2017-03-31,1053.11
2017-03-30,1047.15
2017-03-29,1040.67
2017-03-28,1064.10
2017-03-27,1087.20
2017-03-24,1107.70
2017-03-23,1117.27
2017-03-22,1127.45
2017-03-21,1152.26
2017-03-20,1145.24
2017-03-17,1130.84
2017-03-16,1097.19
2017-03-15,1099.38
2017-03-14,1107.35
2017-03-13,1077.22
2017-03-10,1049.69
2017-03-09,1066.25
2017-03-08,1066.54
2017-03-07,1060.52
2017-03-06,1016.49
2017-03-03,1013.37
2017-03-02,1040.04
2017-03-01,1002.77
2017-02-28,1005.81
2017-02-28,1005.81
2017-02-27,970.24
2017-02-24,991.25
2017-02-23,1016.13
2017-02-22,952.29
2017-02-21,929.23
2017-02-20,932.19
2017-02-17,921.25
2017-02-16,928.43
2017-02-15,910.67
2017-02-14,910.15
2017-02-13,897.36
2017-02-10,907.10
2017-02-09,898.23
2017-02-08,911.99
2017-02-07,895.97
2017-02-06,891.80
2017-02-03,878.52
2017-02-02,956.42
2017-02-01,910.32
2017-01-31,964.45
2017-01-30,896.93
2017-01-27,896.70
2017-01-26,911.36
2017-01-25,907.50
2017-01-24,907.92
2017-01-23,903.51
2017-01-20,899.58
2017-01-19,890.75
2017-01-18,913.68
2017-01-17,886.73
2017-01-16,898.29
2017-01-13,901.00
2017-01-12,887.24
2017-01-11,878.22
2017-01-10,927.67
2017-01-09,917.43
2017-01-06,936.99
2017-01-05,932.41
2017-01-04,926.74
2017-01-03,932.95
2016-12-30,941.52
2016-12-29,979.83
2016-12-28,935.98
2016-12-27,926.68
2016-12-23,939.22
2016-12-22,1003.02
2016-12-21,907.28
2016-12-20,971.91
2016-12-19,963.24
2016-12-16,996.48
2016-12-15,1014.88
2016-12-14,986.27
2016-12-13,1003.29
2016-12-12,1012.83
2016-12-09,1051.25
2016-12-08,1079.53
2016-12-07,1077.76
2016-12-06,1058.95
2016-12-05,1047.99
2016-12-02,1066.95
2016-12-01,1062.47
2016-11-30,1074.41
2016-11-29,1045.73
2016-11-28,1044.74
2016-11-25,1039.62
2016-11-23,1052.03
2016-11-22,1042.09
2016-11-21,1031.01
2016-11-18,993.43
2016-11-17,1024.33
2016-11-16,981.54
2016-11-15,1011.02
2016-11-14,968.92
2016-11-11,961.76
2016-11-10,990.62
2016-11-09,941.95
2016-11-08,948.62
2016-11-07,943.74
2016-11-04,943.06
2016-11-03,935.36
2016-11-02,927.89
2016-11-01,935.69
2016-10-31,904.99
2016-10-28,910.77
2016-10-27,887.92
2016-10-26,908.66
2016-10-25,920.51
2016-10-24,862.14
2016-10-21,889.27
2016-10-20,845.87
2016-10-19,808.72
2016-10-18,861.16
2016-10-17,907.33
2016-10-14,863.81
2016-10-13,875.37
2016-10-12,886.51
2016-10-11,886.35
2016-10-10,925.45
2016-10-07,907.05
2016-10-06,893.95
2016-10-05,945.76
2016-10-04,901.00
2016-10-03,900.56
2016-09-30,904.38
2016-09-29,901.16
2016-09-28,937.37
2016-09-27,907.20
2016-09-26,939.25
2016-09-23,912.29
2016-09-22,904.59
2016-09-21,940.50
2016-09-20,908.60
2016-09-19,933.42
2016-09-16,915.67
2016-09-15,902.09
2016-09-14,947.18
2016-09-13,941.16
2016-09-12,941.02
2016-09-09,911.50
2016-09-08,938.77
2016-09-07,967.80
2016-09-06,982.60
2016-09-02,946.24
2016-09-01,958.36
2016-08-31,973.48
2016-08-30,993.70
2016-08-29,995.61
2016-08-26,998.55
2016-08-25,994.44
2016-08-24,991.66
2016-08-23,985.09
2016-08-22,1004.86
2016-08-19,1015.75
2016-08-18,1012.70
2016-08-17,991.77
2016-08-16,980.22
2016-08-15,991.91
2016-08-12,994.35
2016-08-11,1023.68
2016-08-10,993.57
2016-08-09,985.19
2016-08-08,1015.00
2016-08-05,981.59
2016-08-04,993.71
2016-08-03,1015.60
2016-08-02,991.04
2016-08-01,979.61
2016-07-29,982.91
2016-07-28,997.34
2016-07-27,953.57
2016-07-26,968.12
2016-07-25,985.39
2016-07-22,985.44
2016-07-21,982.81
2016-07-20,1015.00
2016-07-19,970.96
2016-07-18,988.11
2016-07-15,992.50
2016-07-14,1015.87
2016-07-13,983.66
2016-07-12,977.42
2016-07-11,969.87
2016-07-08,959.31
2016-07-07,970.64
2016-07-06,953.36
2016-07-05,968.29
2016-07-01,950.35
2016-06-30,956.45
2016-06-29,937.28
2016-06-28,944.80
2016-06-27,899.64
2016-06-24,927.14
2016-06-23,941.69
2016-06-22,946.76
2016-06-21,1046.59
2016-06-20,1030.01
2016-06-17,1023.33
2016-06-16,1014.30
2016-06-15,1024.47
2016-06-14,1010.95
2016-06-13,1061.20
2016-06-10,1066.65
2016-06-09,1047.29
2016-06-08,1053.43
2016-06-07,1048.56
2016-06-06,1057.53
2016-06-03,1078.45
2016-06-02,1058.42
2016-06-01,1069.89
2016-05-31,1043.36
2016-05-27,1038.35
2016-05-26,1037.26
2016-05-25,1047.49
2016-05-24,1087.11
2016-05-23,1026.92
2016-05-20,1050.57
2016-05-19,1058.44
2016-05-18,1061.50
2016-05-17,1029.40
2016-05-16,983.96
2016-05-13,972.91
2016-05-12,1018.89
2016-05-11,918.72
2016-05-10,925.17
2016-05-09,918.39
2016-05-06,912.66
2016-05-05,913.88
2016-05-04,865.07
2016-05-03,929.99
2016-05-02,937.50
2016-04-29,928.40
2016-04-28,927.52
2016-04-27,947.57
2016-04-26,961.24
2016-04-25,949.53
2016-04-22,1020.60
2016-04-21,956.81
2016-04-20,974.31
2016-04-19,967.08
2016-04-18,997.89
2016-04-15,985.32
2016-04-14,1001.19
2016-04-13,988.23
2016-04-12,980.49
2016-04-11,968.53
2016-04-08,961.39
2016-04-07,934.84
2016-04-06,950.72
2016-04-05,1035.23
2016-04-04,1004.50
2016-04-01,991.46
2016-03-31,1009.64
2016-03-30,1026.23
2016-03-29,1083.99
2016-03-28,1056.84
2016-03-25,1054.27
2016-03-24,1065.30
2016-03-23,996.50
2016-03-22,1011.11
2016-03-21,1089.52
2016-03-18,1108.40
2016-03-17,1174.06
2016-03-16,1095.34
2016-03-15,1094.74
2016-03-14,1102.48
2016-03-11,1137.45
2016-03-10,1057.66
2016-03-09,1089.39
2016-03-08,1064.32
2016-03-07,1088.32
2016-03-04,1087.53
2016-03-03,1092.29
2016-03-02,1089.32
2016-03-01,1096.68
2016-02-29,1044.98
2016-02-26,1072.18
2016-02-25,1070.48
2016-02-24,1055.29
2016-02-23,1042.22
2016-02-22,1008.80
2016-02-19,998.89
2016-02-18,1001.24
2016-02-17,990.78
2016-02-16,1063.11
2016-02-15,998.11
2016-02-12,986.35
2016-02-11,967.00
2016-02-10,1018.18
2016-02-09,1006.07
2016-02-08,1014.80
2016-02-05,1006.31
2016-02-04,1020.77
2016-02-03,996.36
2016-02-02,1006.46
2016-02-01,993.48
2016-01-29,1016.39
2016-01-28,987.16
2016-01-27,982.52
2016-01-26,995.31
2016-01-25,1037.71
2016-01-22,1002.77
2016-01-21,996.47
2016-01-20,998.20
2016-01-19,963.70
2016-01-18,1026.48
2016-01-15,1017.62
2016-01-14,1032.20
2016-01-13,1032.80
2016-01-12,1023.49
2016-01-11,1044.63
2016-01-08,1028.07
2016-01-07,1011.68
2016-01-06,1020.73
2016-01-05,998.94
2016-01-04,1026.37
